Original,AA position,Change
E,1934,K
N,1933,I
N,1933,S
K,1930,T
T,1929,M
I,1927,F
R,1925,H
R,1925,C
S,1924,I
K,1923,E
A,1922,V
R,1921,P
R,1921,Q
R,1921,G
R,1921,W
K,1919,N
V,1917,F
E,1914,D
A,1913,T
I,1912,N
I,1912,F
A,1910,V
A,1910,T
R,1909,P
R,1909,G
R,1909,W
E,1908,V
E,1902,K
V,1899,A
R,1897,H
R,1897,C
F,1896,S
F,1896,C
S,1894,P
N,1892,K
T,1891,S
T,1891,I
T,1891,A
E,1887,G
E,1886,V
A,1885,E
A,1885,V
A,1885,G
E,1883,K
R,1880,L
R,1880,H
R,1880,G
R,1880,C
A,1877,G
A,1877,V
V,1875,A
V,1875,F
Q,1872,H
D,1869,G
V,1868,A
V,1868,I
R,1863,L
R,1863,Q
R,1863,W
K,1859,R
Y,1852,S
L,1850,F
I,1847,M
R,1846,G
R,1846,C
R,1845,Q
E,1844,K
S,1843,N
S,1843,G
K,1842,E
M,1840,L
G,1839,D
S,1836,W
S,1836,A
E,1835,D
E,1835,Q
E,1835,K
A,1834,S
N,1833,K
R,1832,H
R,1832,C
E,1829,K
A,1828,S
A,1828,T
E,1827,D
E,1825,D
N,1824,G
N,1824,S
N,1824,C
N,1824,D
E,1823,Q
R,1820,G
R,1820,W
V,1819,G
R,1818,Q
R,1818,W
A,1817,V
K,1814,R
K,1814,E
L,1812,V
Q,1811,K
K,1810,Q
G,1808,D
G,1808,S
G,1807,D
G,1807,S
K,1806,E
K,1806,Q
L,1805,I
A,1804,G
A,1804,S
I,1803,V
E,1799,K
D,1798,Y
L,1797,P
L,1797,M
R,1796,Q
R,1796,W
I,1790,V
T,1789,A
E,1787,D
E,1787,G
E,1787,K
M,1782,I
R,1781,H
R,1781,C
E,1780,V
H,1778,P
H,1778,Y
A,1777,T
S,1776,G
T,1775,I
Q,1773,K
K,1771,R
L,1769,P
L,1769,M
E,1768,M
E,1768,K
A,1766,T
M,1765,K
M,1765,V
M,1764,T
A,1763,T
D,1761,E
D,1761,N
T,1760,K
A,1758,T
A,1758,S
K,1757,R
A,1755,S
K,1754,M
A,1751,T
N,1750,D
R,1749,G
E,1747,K
V,1745,A
E,1743,D
E,1743,G
V,1741,A
V,1741,M
T,1739,I
Q,1736,H
S,1735,F
S,1735,T
L,1734,R
A,1732,P
D,1731,V
D,1731,N
M,1730,I
M,1730,I
M,1730,T
K,1728,R
L,1723,F
N,1720,D
Q,1719,R
H,1717,Y
L,1716,P
L,1715,V
V,1713,M
E,1711,G
E,1711,K
S,1710,R
S,1710,T
E,1708,K
I,1707,T
I,1707,F
Q,1704,R
A,1702,E
A,1702,V
A,1702,G
L,1701,Q
R,1699,Q
R,1697,Q
R,1697,G
R,1697,W
E,1696,D
E,1696,G
V,1692,E
E,1693,K
V,1692,E
V,1692,L
V,1691,M
R,1689,P
R,1689,H
R,1689,C
Q,1682,H
N,1679,K
N,1679,K
N,1678,H
R,1677,H
R,1676,Q
R,1676,W
V,1674,E
V,1674,L
V,1674,M
I,1673,F
I,1673,V
A,1672,V
A,1672,T
I,1671,M
I,1671,L
I,1671,V
K,1668,E
D,1666,E
D,1666,N
D,1665,N
N,1664,S
A,1663,V
A,1663,D
A,1663,T
R,1662,L
R,1662,P
R,1662,C
V,1661,L
V,1661,I
A,1660,E
A,1660,P
D,1659,N
D,1658,G
L,1657,P
Q,1656,E
I,1655,T
D,1652,A
D,1652,Y
K,1651,N
L,1650,S
Q,1647,H
Q,1647,H
S,1645,R
Q,1640,P
A,1639,V
A,1639,T
E,1638,K
A,1637,P
A,1636,V
M,1635,T
R,1634,H
R,1634,S
R,1634,C
N,1633,K
N,1633,D
A,1632,D
A,1632,S
A,1632,P
A,1632,T
E,1624,D
E,1624,K
N,1623,S
L,1622,F
M,1618,T
K,1616,E
K,1615,N
V,1614,M
R,1613,K
L,1612,V
A,1611,V
A,1611,S
E,1610,K
R,1608,L
R,1608,H
R,1608,C
S,1607,G
R,1606,P
R,1606,C
A,1603,V
A,1603,T
L,1601,P
S,1600,F
S,1600,P
D,1595,N
V,1594,M
R,1592,Q
R,1592,W
L,1591,Q
R,1588,H
R,1588,S
R,1588,C
A,1586,G
A,1586,T
E,1584,G
M,1583,I
M,1583,L
E,1582,D
E,1581,K
A,1577,S
A,1577,T
K,1575,N
R,1574,P
R,1574,Q
R,1574,W
E,1573,K
A,1570,E
K,1569,N
I,1568,V
Q,1567,P
E,1564,A
L,1563,V
A,1561,V
A,1561,S
A,1561,P
I,1558,S
K,1557,R
G,1556,D
E,1555,Q
E,1554,K
E,1552,D
L,1551,P
A,1549,G
E,1548,V
E,1548,K
A,1547,T
L,1544,P
L,1544,M
A,1543,V
Q,1541,L
Q,1541,P
E,1539,G
K,1537,N
E,1536,K
R,1530,Q
R,1530,G
V,1529,F
V,1529,F
L,1526,P
H,1524,P
I,1523,T
I,1523,V
T,1522,I
K,1521,N
K,1521,R
G,1520,R
S,1519,G
S,1518,Y
Q,1515,E
E,1514,G
E,1514,K
T,1513,S
D,1511,G
D,1511,V
D,1511,A
D,1511,N
I,1509,M
I,1509,N
E,1508,D
N,1504,T
N,1504,Y
R,1500,Q
F,1498,Y
T,1497,S
L,1495,P
L,1495,V
H,1494,L
E,1490,G
E,1489,D
Y,1488,C
A,1487,V
A,1487,S
A,1487,T
N,1486,K
N,1486,S
K,1485,R
K,1485,Q
L,1484,P
L,1484,I
L,1481,F
E,1480,D
T,1479,I
T,1479,A
L,1477,I
S,1476,F
R,1475,H
R,1475,C
S,1470,L
S,1470,P
E,1468,Q
S,1465,L
S,1463,L
E,1462,K
E,1461,G
E,1461,K
Q,1458,R
Q,1458,E
K,1457,N
E,1455,G
E,1455,K
A,1454,D
A,1454,T
L,1453,V
K,1451,T
D,1450,N
F,1449,L
N,1448,S
N,1448,I
K,1444,E
D,1443,H
D,1443,N
L,1442,P
A,1441,S
A,1438,P
N,1436,S
N,1436,D
V,1432,I
D,1431,G
M,1429,L
L,1428,S
D,1427,N
D,1427,Y
E,1426,K
E,1424,V
E,1424,K
R,1420,P
H,1419,R
T,1417,I
K,1416,E
L,1414,M
S,1412,P
A,1409,T
N,1408,K
N,1408,K
N,1408,D
V,1407,I
A,1406,S
A,1406,T
E,1405,K
V,1404,M
A,1403,D
A,1403,S
E,1402,K
E,1401,D
E,1401,K
A,1400,D
A,1400,G
L,1397,P
R,1396,L
R,1396,Q
A,1394,V
A,1394,T
K,1391,R
K,1390,R
E,1388,D
E,1387,Q
E,1387,K
L,1386,V
L,1386,F
R,1382,L
I,1380,V
A,1379,D
D,1378,H
T,1373,I
A,1369,G
V,1368,L
V,1368,M
E,1367,K
S,1366,L
A,1364,T
K,1363,N
S,1362,P
L,1361,I
V,1360,D
V,1360,A
V,1360,I
R,1359,L
L,1357,R
L,1357,P
A,1355,D
A,1355,T
A,1353,V
A,1353,T
A,1353,S
T,1351,M
E,1350,G
E,1349,G
E,1349,K
E,1348,Q
E,1348,K
Y,1347,C
Q,1346,K
Q,1346,E
Q,1346,K
R,1344,W
D,1341,E
D,1341,N
C,1340,F
H,1338,Q
H,1338,P
R,1337,P
R,1337,W
A,1336,T
S,1335,L
S,1335,A
L,1333,V
A,1332,S
A,1332,T
A,1330,T
A,1328,T
K,1326,R
A,1325,E
K,1324,N
K,1324,R
V,1323,I
E,1321,K
E,1321,K
L,1315,P
L,1315,H
L,1315,F
D,1314,E
L,1312,P
L,1312,V
Q,1310,P
L,1306,I
K,1305,R
G,1304,D
S,1299,C
L,1297,Q
E,1295,K
K,1294,N
R,1289,Q
R,1289,G
R,1289,W
E,1286,K
G,1285,D
E,1283,K
Q,1281,R
K,1279,N
A,1278,D
R,1277,P
R,1277,Q
R,1277,W
Q,1276,H
S,1275,R
S,1275,R
N,1271,S
V,1270,L
R,1268,P
R,1268,C
T,1266,S
T,1266,N
T,1266,I
A,1263,E
A,1263,V
A,1263,T
S,1261,R
S,1261,R
R,1260,Q
R,1260,P
R,1260,W
N,1257,H
M,1256,T
T,1251,I
R,1250,Q
R,1250,P
C,1249,Y
M,1248,K
K,1247,M
L,1245,Q
N,1244,K
N,1244,D
N,1244,H
A,1243,G
A,1241,S
K,1240,N
I,1238,F
Q,1237,H
Q,1237,R
N,1234,T
D,1230,E
D,1230,E
L,1226,P
L,1226,V
E,1223,Q
S,1222,G
E,1218,Q
Q,1215,R
Q,1215,P
Q,1215,E
R,1212,Q
R,1212,W
Q,1211,E
N,1209,S
D,1208,H
I,1207,N
E,1205,G
G,1204,R
E,1202,K
V,1200,M
S,1199,G
D,1198,N
A,1197,T
H,1196,Y
R,1193,G
R,1193,C
L,1192,R
A,1191,V
A,1191,T
A,1190,V
T,1188,S
T,1188,I
E,1186,G
E,1186,Q
H,1185,P
Q,1184,R
L,1183,Q
T,1182,M
D,1177,N
R,1175,W
M,1174,L
K,1173,E
E,1170,K
A,1169,V
A,1169,T
E,1168,K
R,1167,H
R,1167,S
R,1167,G
K,1166,N
N,1164,K
N,1164,K
M,1163,V
I,1161,M
Q,1160,R
V,1159,E
V,1159,M
T,1157,K
T,1157,A
A,1156,S
G,1155,E
G,1154,S
A,1153,G
A,1153,T
E,1152,V
E,1151,Q
R,1149,Q
R,1149,P
R,1149,G
R,1149,W
E,1148,K
S,1147,R
S,1147,R
L,1143,R
E,1142,K
R,1141,Q
D,1138,E
R,1136,L
R,1136,H
R,1136,C
L,1135,R
K,1134,R
R,1126,L
R,1126,C
E,1125,K
E,1125,Q
A,1124,S
E,1123,A
E,1123,Q
E,1123,K
E,1121,D
E,1119,D
E,1117,K
E,1116,Q
I,1115,M
I,1115,V
I,1115,F
R,1114,P
R,1114,C
R,1114,S
A,1113,T
L,1111,F
E,1110,K
K,1109,E
K,1107,T
L,1104,V
Q,1103,H
Q,1103,K
S,1102,T
G,1101,S
L,1100,R
L,1100,F
A,1099,V
Q,1098,H
Q,1098,H
E,1095,K
A,1092,V
A,1092,S
A,1092,T
N,1091,S
L,1090,P
L,1090,V
A,1089,V
N,1088,S
D,1084,A
D,1084,V
K,1081,R
K,1081,E
R,1079,Q
R,1079,G
D,1077,Y
Q,1075,H
E,1070,V
D,1068,G
D,1068,N
M,1067,T
I,1066,M
I,1066,V
E,1064,K
T,1062,S
D,1058,G
D,1058,Y
D,1058,N
G,1057,D
E,1056,D
K,1052,E
A,1051,E
A,1051,V
R,1050,P
R,1050,Q
D,1047,H
M,1046,I
M,1046,T
M,1046,R
M,1046,L
M,1046,V
R,1045,C
V,1044,M
V,1044,L
K,1043,R
K,1042,R
E,1039,G
S,1037,C
S,1037,Y
G,1036,E
D,1033,E
V,1031,A
Q,1029,P
Q,1029,E
E,1028,G
A,1023,V
K,1022,M
K,1022,E
T,1021,I
L,1020,V
T,1019,N
T,1019,A
E,1013,Q
E,1013,K
L,1010,F
D,1009,G
D,1008,H
L,1007,P
L,1007,V
A,1006,T
Q,1005,E
Q,1004,E
A,998,P
K,997,R
K,994,T
K,994,R
T,993,I
L,992,M
K,991,N
A,990,T
A,990,T
I,988,S
E,987,K
D,986,H
G,984,V
T,979,R
L,978,P
K,976,E
V,975,M
E,972,D
A,970,V
A,970,S
A,970,T
E,967,K
E,965,V
V,964,E
V,964,A
A,962,P
L,961,R
L,961,P
E,958,K
D,956,E
I,954,M
R,952,T
K,951,R
E,949,V
S,948,L
R,941,H
R,941,S
K,940,R
K,940,T
K,940,M
K,939,Q
A,938,D
A,938,S
T,937,I
T,937,S
E,935,V
M,932,T
E,929,D
E,929,Q
D,928,G
D,928,A
L,926,P
L,926,V
M,922,I
M,922,I
K,918,R
K,918,E
A,917,I
E,916,D
E,916,K
Q,914,H
Q,914,L
I,913,M
I,913,S
I,913,V
K,912,N
K,912,M
K,912,E
N,911,K
N,911,Y
I,909,M
I,909,V
Q,907,P
Q,907,K
D,906,N
C,905,S
E,903,D
E,903,G
E,902,K
D,900,E
D,900,E
D,900,V
D,900,G
L,898,V
N,897,K
Q,895,R
Q,895,L
Q,895,K
Q,895,E
E,894,D
A,893,V
A,893,E
A,893,S
A,893,T
Q,892,K
V,891,M
L,889,P
L,889,H
L,889,V
Q,888,H
N,885,Y
K,884,N
K,884,R
E,883,D
E,883,K
L,881,M
S,879,Y
V,878,M
K,876,N
K,876,Q
E,875,K
K,871,N
E,867,K
S,866,Y
S,866,P
L,863,P
L,863,R
L,863,I
A,862,G
A,862,V
E,861,L
E,861,G
K,860,R
K,860,E
L,859,F
R,858,G
R,858,S
T,857,K
T,857,I
F,856,L
E,854,D
E,854,K
M,852,L
S,851,F
S,851,T
A,850,G
A,850,T
E,846,G
R,845,K
S,842,T
K,841,N
I,836,M
K,835,R
K,835,M
F,834,L
Y,833,C
L,832,H
L,832,F
K,831,E
P,828,T
W,827,C
W,827,C
W,827,L
N,826,S
V,824,A
V,824,L
G,823,E
G,823,R
F,821,S
A,820,V
A,820,P
N,817,K
N,817,T
W,816,C
Q,815,L
I,814,S
V,813,L
L,811,R
L,811,P
S,810,F
D,809,Y
R,807,G
E,806,G
E,806,K
Y,801,N
E,800,D
R,798,K
A,797,V
R,793,P
S,792,Y
S,792,F
S,792,P
Q,791,P
Q,791,K
Q,789,R
R,787,P
T,786,M
T,786,A
I,785,N
I,784,F
R,783,L
L,781,P
L,781,M
R,780,S
R,777,K
L,769,P
A,767,V
K,766,Q
F,765,L
F,765,V
K,762,R
K,762,E
G,759,D
G,759,C
Y,756,H
N,754,D
N,754,H
I,751,T
I,751,F
I,751,V
D,750,H
S,748,I
K,744,T
E,743,D
E,743,G
A,742,E
A,742,P
A,742,T
K,740,N
R,739,S
R,739,S
R,739,G
S,738,N
S,738,T
D,737,Y
I,736,N
F,735,L
G,733,R
E,732,D
P,731,A
N,726,K
R,723,L
Y,722,H
D,717,E
Y,715,C
L,714,P
L,714,I
I,713,M
I,713,R
I,713,V
P,710,L
G,708,V
R,706,T
I,704,N
I,704,V
R,703,H
G,701,S
V,698,M
C,695,S
L,693,P
Q,692,P
Q,692,K
M,690,T
P,687,H
P,687,T
M,684,V
V,683,M
V,683,L
G,682,R
P,681,S
S,680,F
T,678,I
T,678,A
E,677,K
P,675,R
P,675,L
I,674,F
I,674,L
C,672,R
F,669,S
F,669,C
H,668,Q
H,666,R
T,665,S
T,665,I
N,661,S
N,661,H
T,660,S
M,659,I
M,659,I
L,658,P
K,657,N
K,657,N
K,657,M
N,656,K
R,652,S
H,651,R
H,651,Y
L,650,Q
L,650,P
L,650,M
S,648,L
V,647,A
S,642,L
G,641,S
K,640,N
K,639,T
A,638,D
A,638,V
A,638,S
A,638,T
K,637,N
G,636,S
G,634,C
I,631,T
I,631,V
P,630,T
P,630,S
A,629,V
A,627,S
A,627,T
G,626,A
G,626,R
A,625,V
Y,624,C
Y,624,N
Y,624,D
A,622,S
T,619,N
T,619,I
L,617,F
L,616,M
K,615,R
K,615,E
S,612,T
Q,610,R
L,608,S
L,608,V
G,607,D
V,606,L
V,605,I
T,604,I
E,603,K
N,602,D
D,599,Y
K,598,E
N,597,K
N,597,Y
K,596,N
K,596,N
Q,595,R
G,592,D
I,591,T
Y,588,H
D,587,Y
D,587,N
V,586,M
I,585,V
I,585,F
A,583,V
H,581,R
I,580,T
S,578,P
A,575,V
E,574,Q
P,573,T
G,571,R
N,568,K
N,568,S
N,568,D
R,567,H
R,567,C
N,562,K
N,562,H
N,562,D
A,561,T
S,560,T
L,557,P
H,556,Y
D,554,E
L,552,V
K,551,N
K,551,Q
A,550,D
A,550,S
K,549,N
F,548,C
T,547,N
T,547,A
T,544,A
C,538,R
E,537,D
E,536,G
E,536,A
E,535,D
E,535,K
I,533,S
I,533,N
I,533,V
M,531,T
P,527,L
P,527,S
K,526,N
I,524,V
D,522,E
D,522,V
I,521,T
C,520,Y
A,519,D
Q,518,K
D,516,G
G,514,A
G,514,D
D,512,G
D,512,N
F,510,L
W,508,R
E,507,K
G,505,V
G,505,S
K,502,E
Y,501,H
E,500,Q
E,500,K
E,499,V
E,499,G
E,497,G
F,494,Y
F,494,I
M,493,K
H,491,Y
N,490,S
F,489,V
F,488,I
Q,486,K
K,484,T
N,482,K
N,482,T
N,479,T
N,479,D
I,478,V
L,476,V
Q,475,L
Q,475,R
F,473,L
D,469,N
F,468,L
E,466,K
F,465,L
G,464,S
A,463,T
I,462,F
D,461,E
D,461,G
V,459,L
G,458,V
I,457,R
P,452,S
Q,451,P
Q,451,E
K,450,R
K,450,E
T,449,N
T,449,I
T,446,I
A,445,V
R,442,P
M,439,L
W,438,C
N,437,K
M,435,I
M,435,T
M,435,R
M,435,K
M,435,L
V,431,L
V,431,M
K,429,E
L,427,V
G,425,A
A,423,V
Y,422,C
I,421,V
V,420,M
Q,419,K
Q,418,P
N,416,H
G,414,R
T,412,N
T,412,A
V,411,F
E,409,G
E,409,K
N,408,K
N,408,K
V,406,A
R,403,P
P,402,H
P,402,S
P,402,T
H,401,Q
C,400,W
G,398,E
K,397,N
L,396,R
L,396,P
L,395,P
L,395,R
L,395,M
D,394,H
A,393,D
A,393,P
S,392,T
N,391,S
M,388,T
L,387,V
S,384,P
K,383,R
D,382,G
D,382,H
A,381,D
A,381,T
E,379,A
E,379,K
T,378,P
G,377,D
G,377,R
G,377,S
E,374,V
E,374,A
E,374,K
A,373,G
A,373,V
A,373,T
E,371,D
E,370,V
E,370,K
R,369,W
Q,368,P
K,365,T
K,365,Q
F,364,L
M,362,T
M,362,V
N,361,S
F,359,V
M,357,K
M,357,R
A,355,P
A,355,S
G,354,R
G,354,S
T,353,I
L,352,P
K,351,M
M,349,R
M,349,T
M,349,V
S,348,P
E,345,K
E,344,K
E,344,Q
T,342,I
T,342,P
G,340,V
V,338,E
V,338,A
A,335,V
A,335,S
N,334,D
D,333,E
D,333,V
D,333,G
D,333,N
T,332,I
A,331,P
M,330,I
L,329,P
L,329,I
L,329,F
A,326,G
A,326,S
A,326,T
D,325,V
D,325,G
D,325,Y
D,324,G
I,323,M
I,323,S
I,323,T
I,323,V
S,322,T
T,318,N
E,317,Q
Q,315,R
S,314,P
I,313,L
I,313,V
I,313,F
F,312,L
A,311,V
A,311,E
P,307,L
P,307,S
N,306,K
N,306,H
T,304,S
I,303,M
I,303,S
M,300,R
M,300,T
M,300,L
D,299,G
D,299,H
D,299,N
P,295,T
K,293,R
Q,288,R
Y,287,H
F,286,S
F,286,C
I,285,T
I,285,V
R,281,K
E,280,K
A,279,T
L,277,P
L,277,V
I,274,T
V,273,I
V,273,F
E,269,G
L,268,R
L,268,P
L,268,V
T,265,I
T,265,N
T,265,S
E,264,K
D,262,N
A,261,V
S,260,T
A,259,E
K,257,R
T,255,K
G,253,E
G,253,V
G,253,R
F,252,L
I,250,V
R,249,G
I,248,M
I,248,T
I,248,F
F,247,S
G,245,E
R,243,L
R,243,H
S,241,Y
S,241,F
S,241,P
D,239,E
D,239,A
N,238,K
R,237,Q
V,236,A
V,236,I
T,235,N
T,235,A
K,234,N
K,234,E
A,233,V
A,233,T
A,233,S
G,231,V
F,230,L
F,230,S
A,229,T
P,225,L
N,224,S
N,224,T
A,223,T
Q,222,H
Q,222,K
I,221,T
I,220,V
I,220,L
D,218,Y
L,216,R
L,216,P
G,214,D
K,213,N
K,213,Q
K,213,E
G,212,D
G,212,S
P,211,L
Q,209,H
Q,209,K
D,208,A
D,208,V
K,206,R
K,206,Q
S,205,R
R,204,C
R,204,S
I,201,F
Y,194,C
Q,193,L
I,192,V
V,191,D
V,191,I
K,189,R
T,188,P
N,187,K
N,187,S
N,187,H
V,186,L
T,185,I
K,184,Q
A,182,V
G,181,E
S,180,T
E,179,A
E,179,K
G,178,R
G,178,R
T,177,S
T,177,I
I,176,V
I,174,N
Q,172,K
N,171,H
D,168,N
L,166,R
M,165,I
M,165,T
M,165,R
M,165,K
Y,164,C
Y,164,H
Y,162,H
Y,162,D
A,161,V
A,161,T
D,159,N
D,159,H
S,158,A
S,156,F
I,154,T
I,154,V
H,153,Y
A,150,G
A,150,T
S,148,R
S,148,R
R,147,S
R,147,K
R,147,G
G,144,V
G,144,D
G,144,C
G,144,S
Y,142,C
V,138,M
E,137,V
P,136,A
P,132,L
V,125,D
V,125,F
F,121,L
L,120,F
Y,115,H
I,114,N
I,114,T
M,113,I
M,113,K
M,113,L
M,113,V
W,112,C
G,110,S
Y,109,H
R,108,H
R,108,C
N,104,S
Y,103,C
A,100,V
A,100,T
E,98,V
E,98,K
L,96,Q
M,92,T
M,92,V
M,90,I
M,90,R
M,90,V
D,85,H
D,85,N
P,82,A
P,81,S
N,80,K
N,80,H
D,74,E
D,74,G
V,71,A
V,71,M
T,70,N
T,70,I
T,70,S
K,67,T
G,66,D
Y,65,C
E,62,Q
E,62,K
T,60,I
G,56,V
G,56,A
G,56,S
G,56,C
R,54,L
R,54,P
R,54,Q
S,53,Y
I,51,T
F,46,Y
F,46,C
F,46,L
F,46,I
E,45,D
E,45,D
E,45,G
D,42,N
D,41,N
P,40,S
V,39,G
F,38,S
V,37,I
D,32,N
F,31,L
P,30,L
P,30,T
P,30,A
P,30,S
Q,27,R
A,26,T
L,24,V
R,23,Q
R,23,W
E,20,G
K,18,E
R,17,H
R,17,C
L,16,P
P,14,H
A,13,T
G,10,A
G,10,R
V,8,L
V,8,I
A,7,T
M,6,T
E,5,D
S,4,W
S,4,L
S,4,P
D,3,E
M,1,V
